id,hashtag_name
1," #joinbtsarmy"
2," #kisaansupport"
3," #fitnessfreak"
4," #runforunity"
5," #studentlivesmatter"
6," #cancellJEEiit"
7," #REOPEN colleges"
8," #party"
9," #followme"
10," #christmas"
11," #socialmedia"
12," #family"
13," #festivesale"
14," #sunnyday"
15," #enjoy"
16," #weekendmasti"
17," #love"
18,"  #instagood"
19," #photooftheday"
20,"  #beautiful"
21," #fashion"
22,"  #tbt"
23," #happy"
24," #cute"
25,"  #followme"
26,"  #like4like"
27,"  #follow"
28,"  #me"
29,"  #picoftheday"
30," #selfie"
31,"#GOGREEN "
