id,photo_url,post_id,size
1,https://picsum.photos/100,26,4
2,https://picsum.photos/101,27,1
3,https://picsum.photos/102,28,2
4,https://picsum.photos/103,29,1
5,https://picsum.photos/104,30,2
6,https://picsum.photos/105,31,3
7,https://picsum.photos/106,32,4
8,https://picsum.photos/107,33,4
9,https://picsum.photos/108,34,2
10,https://picsum.photos/109,35,2
11,https://picsum.photos/110,36,2
12,https://picsum.photos/111,37,2
13,https://picsum.photos/112,38,2
14,https://picsum.photos/113,39,2
15,https://picsum.photos/114,40,4
16,https://picsum.photos/115,41,4
17,https://picsum.photos/116,42,3
18,https://picsum.photos/117,43,3
19,https://picsum.photos/118,44,3
20,https://picsum.photos/119,45,1
21,https://picsum.photos/120,46,2
22,https://picsum.photos/121,47,3
23,https://picsum.photos/122,48,2
24,https://picsum.photos/123,49,3
25,https://picsum.photos/124,50,2
26,https://picsum.photos/125,76,3
27,https://picsum.photos/126,77,4
28,https://picsum.photos/127,78,3
29,https://picsum.photos/128,79,1
30,https://picsum.photos/129,80,4
31,https://picsum.photos/130,81,3
32,https://picsum.photos/131,82,3
33,https://picsum.photos/132,83,1
34,https://picsum.photos/133,84,1
35,https://picsum.photos/134,85,4
36,https://picsum.photos/135,86,4
37,https://picsum.photos/136,87,1
38,https://picsum.photos/137,88,4
39,https://picsum.photos/138,89,1
40,https://picsum.photos/139,90,3
41,https://picsum.photos/140,91,3
42,https://picsum.photos/141,92,2
43,https://picsum.photos/142,93,2
44,https://picsum.photos/143,94,2
45,https://picsum.photos/144,95,3
46,https://picsum.photos/145,96,1
47,https://picsum.photos/146,97,2
48,https://picsum.photos/147,98,3
49,https://picsum.photos/148,99,3
50,https://picsum.photos/149,100,2
