id,username,profile_photo_url,bio,email
1,kanavphull,https://pbs.twimg.com/profile_images/1386885117428191232/70SyHOxP_400x400.jpg,"Hedonist yet Spiritual || IT at NITJ 2024",as1mobiles@gmail.com
2,"raj gupta",/klsadf893724:f//432,"soon to be updated",admin@1shopbuy.com
3,"Sahib Singh",https://pbs.twimg.com/profile_images/1465003815820693506/gbTJoe66_400x400.jpg,"Life is a journey, It drives you MAD.|| IT NITJ'24",12angeldesignworld@gmail.com
4,"Sakshi Warandani",https://vader.news/__export/1612817390103/sites/gadgets/img/2021/02/08/ian_somerhalder_vampires.jpg_246448593.jpg,"NITJ wish me on 23 jan",deepak@24sevenindia.com
5,"Omnicron Larson",/sdfvsdf,"Heart Stealer",101cartinfo@gmail.com
6,"dettol sharma",/sdfvsdf,"Dettol Stealer",the.yellow.gold@gmail.com
7,sunil,/yisadf324//,"hotel manageemnt ",deepak@24sevenindia.com
8,sanjay,/fduiahj43,"football lover",deepak@24sevenindia.com
9,"Axel Sivert Anker",/adaskjnas,Norwegian,gazender.686@gmail.com
10,Steven,/acdsccsdc,"living life my way",sravi07@yahoo.com
11,Jack,https://picsum.photos/100,"ğ–ğğ¥ğœğ¨ğ¦ğ ğ“ğ¨ ğŒğ² ğğ«ğ¨ğŸğ¢ğ¥ğ",contact@21fools.com
12,Oliver,https://picsum.photos/101,"ğğŸğŸğ¢ğœğ¢ğšğ¥ ğ€ğœğœğ¨ğ®ğ§ğ­",the.yellow.gold@gmail.com
13,James,https://picsum.photos/102,"ğ–ğ¢ğ¬ğ¡ ğŒğ ğğ§ ğŸ‘ ğğœğ­ğ¨ğ›ğğ«",contact@21fools.com
14,Charlie,https://picsum.photos/103,"aap yha aae kisliye",sravi07@yahoo.com
15,Harris,https://picsum.photos/104,"ğ’ğšğ§ğ¬ğ¤ğšğ«ğ¢ ğ‹ğšğğ¤ğš",pawan.modi1@gmail.com
16,Lewis,https://picsum.photos/105,"aapne bulaya isilye",as1mobiles@gmail.com
17,Leo,https://picsum.photos/106,"ğ†ğ²ğ¦ ğ‹Ã¸ğ¯Ã¨ğ«",pawan.modi1@gmail.com
18,Noah,https://picsum.photos/107,"aae hai toh kaam bi btiye",sunglasses.24@gmail.com
19,Alfie,https://picsum.photos/108,ğ’ğ¢ğ§ğ ğ¥ğ,deepak@24sevenindia.com
20,Rory,https://picsum.photos/109,"phle zara aap muskurae",pawan.modi1@gmail.com
21,Alexander,https://picsum.photos/110,"ğ‘ğğ¬ğ©ğğœğ­ ğ…ğ¨ğ« ğ€ğ¥ğ¥",umesh.agarwal@24x7safebuy.com
22,Max,https://picsum.photos/111,"ğˆğ§ğ¬ğ­ğšğ ğ«ğšğ¦ ğŠğ¢ğ§ğ ",as1mobiles@gmail.com
23,Logan,https://picsum.photos/112,"ğ‚ğšğ¤ğ ğŒğ®ğ«ğğğ« ğğ§ ğŸğŸ• ğ‰ğ®ğ§ğ",101cartinfo@gmail.com
24,Harry,https://picsum.photos/113,hhddsgb,shyamsunder121@gmail.com
25,Theo,https://picsum.photos/114,"â™¥ï¸ğğ¡ğ¨ğ­ğ¨ğ ğ«ğšğ©ğ¡ğ² ",info@3coinsplus.com
26,Thomas,https://picsum.photos/115,siudgfibsiugs,wasif1@2dayenterprises.com
27,Brodie,https://picsum.photos/116,"ğŒğ®ğ¬ğ¢ğœ ğ€ğğğ¢ğœğ­",shyamsunder121@gmail.com
28,Archie,https://picsum.photos/117,uhiusgfufiusf,wasif1@2dayenterprises.com
29,Jacob,https://picsum.photos/118," ğ’ğ¢ğ§ğ ğ¥ğ ",mail@3gmobileworld.in
30,Finlay,https://picsum.photos/119,usdsgbcu,mail@3gmobileworld.in
31,Finn,https://picsum.photos/120,"ğğ«ğ¨ğ®ğ ğ“ğ¨ ğğ ğ‡ğ¢ğ§ğğ®",pawan.modi1@gmail.com
32,Daniel,https://picsum.photos/121,hucussgcusn,shyamsunder121@gmail.com
33,Joshua,https://picsum.photos/122,"ğğ¢ğ  ğ…ğšğ§ ğğŸ ğŒğšğ¡ğšğ¤ğšğ¥",sunglasses.24@gmail.com
34,Oscar,https://picsum.photos/123,ğŒğ«.ğ©ğğ«ğŸğğœğ­,gazender.686@gmail.com
35,Arthur,https://picsum.photos/124,"ğ‡ğšğ­ğ ğ¦ğ ğ¨ğ« ğƒğšğ­ğ ğ¦ğ",.
36,Hunter,https://picsum.photos/125,ğ©ğ¡ğ¨ğ­ğ¨ğ¡ğ¨ğ¥ğ¢ğ¤,mail@3gmobileworld.in
37,Ethan,https://picsum.photos/126,gygyuuy,deepak@24sevenindia.com
38,Mason,https://picsum.photos/127," ğŸğ¨ğ¨ğğ² ",sunglasses.24@gmail.com
39,Harrison,https://picsum.photos/128,gfytfvy,contact@21fools.com
40,Freddie,https://picsum.photos/129,ğ¬ğ¢ğ§ğ ğ¥ğ,contact@21fools.com
41,Ollie,https://picsum.photos/130,fytfysguf,mail@3gmobileworld.in
42,Adam,https://picsum.photos/131,"ğ” ğ°ğ¢ğ¥ğ¥ ğŸğ¢ğ§ğ ğš ğ›ğ¨ğ² ğ›ğğ­ğ­ğğ« ğ­ğ¡ğšğ§ ğ¦ğ ğ›ğ®ğ­ ğ” ğğ¨ğ§â€™ğ­ ğŸğ¢ğ§ğ ğ›ğ¨ğ² ğ¥ğ¢ğ¤ğ ğ¦ğ",sravi07@yahoo.com
43,William,https://picsum.photos/132,fyasu,admin@1shopbuy.com
44,Jaxon,https://picsum.photos/133,"ğ™Šğ™›ğ™›ğ™ğ™˜ğ™ğ™–ğ™¡ ğ™–ğ™˜ğ™˜ğ™¤ğ™ªğ™£ğ™©",info@3coinsplus.com
45,Aaron,https://picsum.photos/134,ytyftftyi,gazender.686@gmail.com
46,Cameron,https://picsum.photos/135,uygdghfios,shyamsunder121@gmail.com
47,Liam,https://picsum.photos/136,ygyugdysgc,wasif1@2dayenterprises.com
48,George,https://picsum.photos/137,"ğ™ˆğ™ªğ™¨ğ™ğ™˜ ğ™¡ğ™¤ğ™«ğ™šğ™§",as1mobiles@gmail.com
49,Jamie,https://picsum.photos/138,ygsgsogt,pawan.modi1@gmail.com
50,Callum,https://picsum.photos/139,"ğ™ğ™¥ğ™¤ğ™§ğ™©ğ™¨ ğ™¡ğ™¤ğ™«ğ™šğ™§",mail@3gmobileworld.in
