id,video_url,size,post_id
1,https://www.youtube.com/watch?v=1TKJvWbZErY,1,1
2,https://www.youtube.com/watch?v=dcgeBa78WE8,8,2
3,https://www.youtube.com/watch?v=vOfgVs6blGU,3,3
4,https://www.youtube.com/watch?v=gDGbwhoWRBQ,2,4
5,https://www.youtube.com/watch?v=UAj7FB-BFGg,1,5
6,https://www.youtube.com/watch?v=RzppsLjuSaI,3,6
7,https://www.youtube.com/watch?v=E1GLuxJ9mkU,3,7
8,https://www.youtube.com/watch?v=tjrFQQjTI6c,2,8
9,https://www.youtube.com/watch?v=IwNSd7m2HRg,7,9
10,https://www.youtube.com/watch?v=4javFbk9Kn8,9,10
11,https://www.youtube.com/watch?v=BuX7TQc4a0E,4,11
12,https://www.youtube.com/watch?v=4xx0YqaFalo,7,12
13,https://www.youtube.com/watch?v=n3LCQiuQn9o,2,13
14,https://www.youtube.com/watch?v=x9bmo0aPd0s,1,14
15,https://www.youtube.com/watch?v=UkTWeGJewTQ,1,15
16,https://www.youtube.com/watch?v=6GwUPaJh2Jg,9,16
17,https://www.youtube.com/watch?v=odHuMbTWIvU,4,17
18,https://www.youtube.com/watch?v=XxvEchaofrs,8,18
19,https://www.youtube.com/watch?v=3ZvSg5aU23E,6,19
20,https://www.youtube.com/watch?v=yBJM2RbLefA,5,20
21,https://www.youtube.com/watch?v=q6wb-EWR_lM,6,21
22,https://www.youtube.com/watch?v=PcCDzONDVsA,1,22
23,https://www.youtube.com/watch?v=2ne9HcY53AY,8,23
24,https://www.youtube.com/watch?v=OJeynsIPj9I,9,24
25,https://www.youtube.com/watch?v=kRGjTgObzX0,4,25
26,https://www.youtube.com/watch?v=btWZo8gUv-o,3,51
27,https://www.youtube.com/watch?v=7j338SJZjoM,4,52
28,https://www.youtube.com/watch?v=fidBadXy1dw,5,53
29,https://www.youtube.com/watch?v=1iem1pT2MkQ,7,54
30,https://www.youtube.com/watch?v=4N0ew6JMlss,4,55
31,https://www.youtube.com/watch?v=GXCdTSGNcOc,6,56
32,https://www.youtube.com/watch?v=JFoJCMXzLLw,4,57
33,https://www.youtube.com/watch?v=V-egEzLjnhc,5,58
34,https://www.youtube.com/watch?v=6B5UK2GC3gY,2,59
35,https://www.youtube.com/watch?v=MVRRN6TABcs,2,60
36,https://www.youtube.com/watch?v=1ABkmrZxQkQ,5,61
37,https://www.youtube.com/watch?v=cUz49dk86m8,9,62
38,https://www.youtube.com/watch?v=36BiplVD_Ng,7,63
39,https://www.youtube.com/watch?v=EoGYHDqbabw,9,64
40,https://www.youtube.com/watch?v=i1CmuuabIok,5,65
41,https://www.youtube.com/watch?v=gurapeu6PBk,9,66
42,https://www.youtube.com/watch?v=coHgDPBMLKg,7,67
43,https://www.youtube.com/watch?v=racdVMrEghs,6,68
44,https://www.youtube.com/watch?v=FKtbZtI0VJ0,9,69
45,https://www.youtube.com/watch?v=bWqt7op1VpI,2,70
46,https://www.youtube.com/watch?v=V_wXW4J73os,7,71
47,https://www.youtube.com/watch?v=sHg9e9a_cYM,8,72
48,https://www.youtube.com/watch?v=oaJJvO8Tte8,1,73
49,https://www.youtube.com/watch?v=ancKcoTvdYY,3,74
50,https://www.youtube.com/watch?v=n6kEYFPvtBY,8,75
